Genre,Count
juvenile literature,1524
romans,827
nouvelles,796
friendship,773
adventure and adventurers,687
etc. pour la jeunesse,682
general,681
animals,608
large type books,596
humorous stories,578
history,541
new york times bestseller,531
fantasy,527
schools,493
ficción juvenil,476
spanish language materials,471
childrens stories,446
magic,368
picture books,358
brothers and sisters,313
mystery and detective stories,291
family life,290
strips,254
comic books,253
family,249
stories in rhyme,233
juvenile,227
picture books for children,226
families,223
adventure stories,223
pictorial works,221
girls,219
cartoons and comics,216
biography,215
dogs,213
readers,212
action and adventure,211
ouvrages pour la jeunesse,211
novela juvenil,211
open library staff picks,196
orphans,178
american literature,174
horror stories,171
siblings,171
children,167
historical,167
books and reading,163
toy and movable books,163
literature,162
new york times reviewed,161
graphic novels,160
detective and mystery stories,160
england,157
social themes,157
reading level-grade 12,155
reading level-grade 11,153
school stories,152
etc.,148
monsters,147
reading level-grade 8,146
survival,144
cats,142
african americans,140
english,140
english language,138
juvenile works,138
comics and graphic novels,136
reading level-grade 10,134
american,134
conduct of life,131
boys,127
reading level-grade 9,127
mice,125
romance,124
livres dimages pour enfants,124
reading level-grade 7,123
histoire,123
canada,121
specimens,120
english literature,119
amistad,117
amitié,116
horror tales,114
united states,114
behavior,113
spanish language,113
suspense,112
bears,111
time travel,111
ghosts,110
award:newbery_award,110
novela,110
mystery and detective,110
social life and customs,110
interpersonal relations,103
fairy tales,103
voyages and travels,102
newbery medal,99
science,98
mystery,97
supernatural,96
thrillers,96
death,95
dinosaurs,95
authors,95
short stories,95
imagination,94
ghost stories,94
sisters,93
love,93
blind,92
women,91
stories,91
childrens literature,90
mythical animals,90
dragons,90
magia,89
fathers and sons,89
turtles,88
study and teaching,87
adventure,87
good and evil,87
indians of north america,86
ficción,86
world war,85
identity,84
emotions,83
great britain,82
accessible book,80
wizards,80
classics,80
horror,79
adaptations,79
teenagers,79
reader,79
franklin (fictitious character : bourgeois),78
folklore,78
books,77
bullying,77
mothers and daughters,76
missing persons,76
fairies,75
witches,74
pets,73
legends,73
insects,73
grandparents,73
pirates,72
board books,72
diaries,71
social conditions,71
fantasy and magic,71
parent and child,71
teenage girls,70
poetry,70
1939-1945,70
individuality,70
courage,69
escuelas,68
babysitters,68
heroes,68
classic literature,68
humor,68
shipwrecks,67
ouvrages illustrés,67
christmas,67
écoles,66
childrens poetry,65
fear,65
childrens,64
vampires,64
series:goosebumps,64
reading level-grade 6,63
brothers,63
coming of age,62
fables,62
accelerated reader,62
history and criticism,62
juvenile audience,62
open_syllabus_project,62
protected daisy,61
kidnapping,61
canadian (english),61
pigs,61
literatura juvenil,60
middle schools,60
benjamin (personnage fictif : bourgeois),60
food,60
camps,59
collectionid:goosebumps1,58
chapter book,58
translations into chinese,58
rabbits,58
contests,58
children: kindergarten,58
dystopias,58
swine,57
education,57
young adult,57
race relations,56
teachers,56
novel,56
identity (philosophical concept),56
murder,56
bullies,55
greek mythology,55
frogs,55
drawing,55
sex role,55
france,54
secrets,54
naufrages,54
clubs,53
children: grades 1-2,53
chinese language materials,53
sports,52
manners and customs,52
biographies,52
quests (expeditions),52
newbery honor,52
father-son relationship,51
new york (n.y.),51
adolescence,51
determination (personality trait),50
mythical,50
wit and humor,50
best friends,50
psychology,50
toys,50
birds,50
buried treasure,49
tree houses,49
fathers and daughters,49
myths,49
hockey,48
imaginary creatures,48
roman,48
spiders,48
beginner,48
princesses,48
space and time,47
french language materials,47
readers (primary),47
aardvark,47
gods,47
criticism and interpretation,47
long now manual for civilization,46
chapter books,46
miscellanea,46
magie,46
extraterrestrial beings,45
self-perception,45
pères et fils,45
robots,45
technique,45
ya,44
latin language materials,44
junge,44
london (england),44
drama,44
mitología griega,44
reading level-grade 5,44
arthur (fictitious character : brown),43
people with disabilities,43
nature,43
monstruos,43
marine animals,43
survival skills,42
counting,42
man-woman relationships,42
ethics,42
airships,42
politics and government,42
historia,42
greek gods,42
high schools,41
middle school students,41
castaways,41
humorous,41
dystopian,41
household moving,41
treasure troves,41
children: grades 4-6,41
prejudices,41
grandmothers,41
translations from english,41
reading level-grade 4,41
spies,41
civilization,41
young women,40
art,40
halloween,40
dirigeables,40
materiales en español,40
africa,40
juvenile poetry,40
habiletés de survie,39
animales,39
crime,39
happiness,38
récits humoristiques,38
age:min:9,38
childrens books,38
mothers,38
islands,38
castles,38
spy stories,37
manuscripts,37
padres e hijos,37
greece,37
survival stories,37
freundschaft,37
superheroes,36
private investigators,36
supervivencia,36
color,36
christmas stories,36
psychological,36
games,36
series:hardyboys,36
memory,36
nyt:series_books=2007-07-21,36
twins,35
animaux sauvages,35
bilingual,35
amitie,35
hermanos,35
amerikanisches englisch,35
artists,35
police,35
juvenile wit and humor,34
experiments,34
childrens plays,34
parties,34
moving,34
wolves,34
hardy boys (fictitious characters),34
mathematics,34
lost and found possessions,34
teenage boys,34
horses,34
clothing and dress,34
puzzles,33
littérature de jeunesse anglaise,33
viajes,33
translations into english,33
classic,33
learning,33
senses and sensation,33
elephants,33
infancy,33
ducks,33
paperback,33
description and travel,33
mythologie grecque,33
colonies de vacances,32
vocabulary,32
grade:max:7,32
and magic,32
jews,32
reading materials,32
youth,32
mothers and sons,32
criminals,32
bedtime,32
homeless persons,32
friends,32
award:caldecott_award,32
nonsense verses,32
animaux,32
roman pour la jeunesse,32
dwellings,32
domestic animals,32
collectionid:hbcfs,32
ecology,31
farm life,31
play,31
disabilities,31
gods and goddesses,31
reading,31
self-confidence,31
quakers,31
basketball,31
household,31
thriller,31
translations into vietnamese,30
middle school,30
collections,30
teen,30
learning disabilities,30
fathers,30
personality,30
literary,30
dioses griegos,30
zoos,30
human-animal relationships,30
jugendbuch,30
plays,30
disability,30
realistic,30
lexile_range:601-700,29
chinese,29
identity (psychology),29
kings,29
zeus (greek deity),29
immigrants,29
gifted children,29
poseidon (greek deity),29
hades (greek deity),29
novela fantástica,29
memorable,29
love stories,29
revenge,29
bully,29
examinations,29
luminous,29
caricatures and cartoons,29
acceptance,29
teenager,29
triumph,29
joy,29
happy,29
feel-good,29
motion pictures,29
sad,29
short stories (single author),29
human behavior,28
taliban,28
tong hua,28
california,28
cuentos humorísticos,28
concepts,28
goats,28
birthdays,28
traditional,28
greek and roman,28
jealousy,28
recherche,28
travel,28
grief,28
counting books,28
fishes,27
ciencia-ficción,27
alex (fictitious character),27
investigation,27
war,27
wilderness survival,27
manga,27
neighbors,27
war and military,27
sleep,27
popularity,27
nyt:series_books=2007-03-10,27
cousins,27
kings and rulers,27
snow,27
grade:min:5,27
roman pour jeunes adultes,27
language arts,27
disguise,26
winter,26
british,26
poséidon (divinité grecque),26
etc.n.,26
newbery medal books,26
contemporary,26
liberty,26
hadès (divinité grecque),26
handbooks,26
rulers,26
sound,26
queens,26
music,26
water,26
readers (elementary),26
frontier and pioneer life,26
baseball,26
terrorism,26
zoo animals,26
zeus (divinité grecque),26
boys and men,26
imaginary places,26
overdrive,26
manuals,25
knights and knighthood,25
money,25
theater,25
moody,25
colors,25
drama (dramatic works by one author),25
farms,25
judy (fictitious character),25
poor families,25
viajes a través del tiempo,25
study and teaching (elementary),25
texas,25
boarding schools,25
first day of school,25
bandes dessinées,25
egypt,25
alphabet,25
high school students,25
children: grades 3-4,25
adolescentes,25
harry (fictitious character),24
moneymaking projects,24
roman daventures,24
family problems,24
television,24
pokemon (fictitious characters),24
er tong wen xue,24
self-esteem,24
human body,24
huguenots,24
20th century,24
people and places,24
persecution,24
social control,24
judy moody (fictitious character),24
gardens,24
grade:max:6,24
trees,24
age:max:12,24
french language,24
deserts,24
anglais (langue),23
guerre mondiale,23
hogwarts school of witchcraft and wizardry (imaginary organization),23
juvenile delinquency,23
trésors,23
divorce,23
city and town life,23
antiquities,23
biography and autobiography,23
holocaust,23
future,23
hamsters,23
robbers and outlaws,23
world war (1939-1945) fast (ocolc)fst01180924,23
storytelling,23
grandfathers,23
authorship,23
china,23
rats,23
toads,23
potter,23
haunted houses,23
german language materials,23
harry potter (fictitious character),23
diseases,22
familles,22
rescues,22
stealing,22
flucht,22
control (psychology),22
infants,22
cooking,22
womens rights,22
japan,22
habits and behavior,22
museums,22
night,22
magos,22
hogwarts school of witchcraft and wizardry (imaginary place),22
public speaking,22
humour,22
ron weasley (fictitious character),22
marriage,22
questions and answers,22
self-acceptance,22
questions,22
jewish (1939-1945),22
hermione granger (fictitious character),22
psychological aspects,22
social prediction,21
zoology,21
english fantasy literature,21
mort,21
seashore,21
ouvrages illustres,21
snakes,21
sci fi,21
braille language materials,21
bats,21
heroes and heroines,21
dating (social customs),21
translations into marathi,21
litterature de jeunesse anglaise,21
witchcraft,21
relaciones humanas,21
painting,21
in library,21
italy,21
dictionaries,21
beginning reader,21
barn- och ungdomslitteratur,21
huérfanos,21
sans-abri,21
self-actualization (psychology),21
oratory,21
business presentations,21
philosophy,21
theft,21
personal narratives,21
grade:max:undefined,21
blacks,21
treasure-trove,21
patients,21
pokémon (fictitious characters),21
etc,21
casas en árboles,21
sharks,21
students,20
ranas,20
frogs and toads,20
demonology,20
tiger,20
media tie-in,20
inventors,20
materiales en español,20
plants,20
grenouilles,20
newbery award winner 1999,20
judicial error,20
homeless person,20
erlo sung,20
third-grade girls,20
personas sin hogar,20
virginia,20
age:max:undefined,20
überleben,20
sea stories,20
u berleben,20
familie,20
lesen,20
punishment,20
straflager,20
frères et soeurs,20
fluch,20
children: babies toddlers,20
ratones,20
collectionid:bannedbooks,20
fame,20
police procedural,20
germany,20
juevnile literature,20
italian,20
the big red dog (fictitious character),20
clifford,20
life on other planets,20
jealousy in girls,20
lexile:660,20
ahnen,20
erlösung,20
childrens books/baby-preschool,20
delincuencia juvenil,20
environmental protection,20
art de parler en public,20
délinquance juvénile,20
cerdos,20
miniature books,20
juvenile corrections,20
princes,20
creative activities and seat work,20
ficcion juvenil,20
héroes,19
frog and toad (fictitious characters),19
young adult works,19
chiens,19
poirot,19
storms,19
peur,19
viaje a través del tiempo,19
hercule (fictitious character),19
espionage,19
anatomy,19
moon,19
arte de hablar en público,19
mongolian literature,19
dreams,19
soccer,19
seasons,19
perros,19
korean language materials,19
hercule poirot (fictitious character),19
giants,19
series:frog_and_toad,19
bilingual books,19
1914-1918,19
sapos,19
lexile_range:701-800,19
tortues,19
intimidation,19
whales,19
weather,19
relations humaines,19
reality television programs,19
television programs,19
vocational guidance,19
determination in girls,19
berenstain bears (fictitious characters),19
violence,19
rhyme,19
girls and women,19
judy moody (ficticious character),19
berömmelse,19
stavning,19
19th century,19
textbooks for foreign speakers,19
emotions in girls,19
avundsjuka,19
english detective and mystery stories,19
determination (personal quality),19
moods and moodiness,19
school principals,19
cities and towns,19
ocean,19
hockey players,18
emotions and feelings,18
programas,18
crapauds,18
teeth,18
animales domésticos,18
computers,18
concours et compétitions,18
primary school,18
mythology,18
spanish-english,18
saisons,18
poverty,18
american wit and humor,18
riddles,18
prophecies,18
transportation,18
werewolves,18
monkeys,18
grade:min:3,18
televisión,18
television game shows,18
sci-fi,18
fantasía,18
enfants,18
honesty,18
mother and child,18
political science,18
political,18
age:min:10,18
holidays,18
popular works,18
social classes,18
occupations,18
soldiers,18
india,18
reincarnation,18
autism,18
private schools,18
novels,18
fossils,18
gangs,17
children: grades 2-3,17
religion,17
summer,17
loneliness,17
kids,17
hurricanes,17
concursos,17
i can read book,17
lexile_range:801-900,17
muerte,17
natural history,17
human anatomy,17
lion,17
environmental aspects,17
outer space,17
illustrations,17
voyages,17
racism,17
tortugas,17
german,17
lexile 301-400,17
ouvrages illustrés,17
alligators,17
rider,17
hockey stories,17
responsibility,17
contes,17
physiology,17
rants,17
babies,17
accelerated reader 1.4,17
collectionid:caldecotthonor70,17
school field trips,17
french,17
titanic (steamship),17
restaurants,17
fantastische literatur,17
curiosities and wonders,17
time,17
dinosaurios,17
chang pian xiao shuo,17
grade:min:preschool,17
sorciers,17
poetry (poetic works by one author),17
slavery,17
monstres,17
orphelins,17
american poetry,17
ancient,16
spanish: grades 4-7,16
maine,16
lectures et morceaux choisis,16
journalists,16
droon (imaginary place),16
owls,16
babysitters club (imaginary organization),16
food habits,16
houses,16
railroads,16
programas de televisión,16
camping,16
chinese americans,16
self-reliance,16
détermination (trait de personnalité),16
battle of,16
great-grandfathers,16
alex rider (fictitious character),16
physics,16
libraries,16
motels,16
english humorous stories,16
magier,16
washington (d.c.),16
runaway children,16
tales,16
conditions sociales,16
spanish,16
married people,16
bibliography,16
american horror tales,16
hotels,16
magicians,16
competition (psychology),16
alphabet books,16
family secrets,16
zombies,16
lost articles,16
helpfulness,16
caldecott medal,16
earthquakes,16
arctic regions,16
geronimo stilton (fictitious character),16
teddy bears,16
jokes,16
pictorial american wit and humor,16
readers (secondary),16
humorous poetry,15
game shows,15
kindergarten,15
competencias,15
secret service,15
war stories,15
inuit,15
space flight,15
personal beauty,15
canadian,15
foreign relations,15
biology,15
size and shape,15
washington (state),15
human rights,15
famille,15
machinery,15
pigeons,15
farmers,15
natural disasters,15
age:min:8,15
newbery honor book,15
middle ages,15
moose,15
ninja,15
uncles,15
vacations,15
sources,15
alienation (social psychology),15
bien y mal,15
single-parent families,15
santa claus,15
texts,15
unicorns,15
collectionid:eaneschallenge,15
collectionid:fsghosts,15
automobiles,15
sharing,15
afghanistan,15
animal welfare,15
imaginary wars and battles,15
william,15
feral cats,15
medicine,15
technology,15
anecdotes,15
sorcières,15
genealogy,15
fabeltiere,15
captain underpants (fictitious character),14
foster home care,14
ecoles,14
rocks,14
gifts,14
severe poverty,14
starvation,14
translations into russian,14
pollution,14
paris (france),14
filles,14
fantastische erzahlung,14
discovery and exploration,14
oppression,14
nyt:series_books=2010-08-21,14
mars (planet),14
missing children,14
violent,14
nature stories,14
émissions télévisées,14
contensts,14
effects of war,14
bravery.,14
life risking,14
self-sacrifice,14
jeux télévisés romans,14
émissions televiseés,14
musicians,14
large print books,14
frères,14
animal behavior,14
teacher-student relationships,14
collectionid:caldecotthonor00,14
individualité,14
childrens humourous stories,14
gardening,14
ships,14
alchemy,14
childhood and youth,14
jungle animals,14
deaf,14
valentines day,14
endangered species,14
grandparent and child,14
sleepovers,14
trucks,14
stepfamilies,14
internats,14
chickens,14
imaginary voyages,14
nutrition,14
american authors,14
decision making,14
refugees,14
school and education,14
social issues,14
swans,14
social aspects,14
dr. seuss,14
british columbia,13
europe,13
literary collections,13
flowers,13
philosophie,13
songs,13
basketball stories,13
picture puzzles,13
1000blackgirlbooks,13
tornadoes,13
guinea pigs,13
cycling,13
prisoners,13
temper tantrums,13
parents,13
cattle,13
age:min:2,13
airplanes,13
jack (fictitious character : osborne),13
jones,13
blessing and cursing,13
annie (fictitious character : osborne),13
school children,13
problem solving,13
study and teaching (secondary),13
twenty-first century,13
puppies,13
emigration and immigration,13
series:boxcarchildren,13
boxcar children (fictitious characters),13
secrecy,13
nursery rhymes,13
scientists,13
squirrels,13
festivals,13
audiobooks,13
reptiles,13
aunts,13
world records,13
1564-1616,13
study guides,13
stanley lambchop (fictitious character),13
teens,13
baseball stories,13
foxes,13
novelas inglesas,13
sunny baudelaire (fictitious character),13
mother-daughter relationship,13
livres en gros caractères,13
epic,13
belletristische darstellung,13
russian,13
grade:min:4,13
teaching,13
sign language,13
sociology,13
success,13
practical jokes,13
shakespeare,13
treatment,13
women sleuths,13
study and teaching (kindergarten),13
school superintendents and principals,13
inuits,13
painters,13
mental illness,13
mammals,12
dolls,12
librarians,12
in literature,12
native peoples,12
cabañas en los árboles,12
hair,12
costume,12
reading (elementary),12
bicycles and bicycling,12
recits,12
eggs,12
rome,12
souris,12
fowl,12
photography,12
engineering,12
marine ecology,12
campamentos,12
pumpkin,12
butterflies,12
inventions,12
teamwork (sports),12
wishes,12
science and nature,12
plot-your-own stories,12
lizards,12
dysfunctional families,12
helping behavior,12
latin language,12
continental european drama (dramatic works by one author),12
dance,12
eccentrics and eccentricities,12
espacio y tiempo,12
ying yu,12
automobile travel,12
childrens songs,12
candy,12
artemis (fictitious character),12
artemis fowl (fictitious character),12
dinosaures,12
adoption,12
orphans and foster homes,12
holmes,12
superintendentes y directores,12
the,12
jellyfishes,12
rescue work,12
award:theodor_seuss_geisel_award,12
récits humoristiques anglais,12
hunger,12
modern,12
polish language materials,12
exhibitions,12
kittens,12
florida,12
home,12
childrens audiobooks,12
patos,12
series:a_narwhal_and_jelly_book,12
badgers,12
apprentices,12
penguins,12
letters,12
early works to 1800,12
darren shan (fictitious character),12
frères et sœurs,12
zhang pian xiao shuo,12
truthfulness and falsehood,12
freak shows,12
moral and ethical aspects,12
paranormal,12
homosexuality,12
grade:min:kindergarten and up,12
film adaptations,12
flies,12
wilderness areas,11
english poetry,11
porcs,11
reading (primary),11
handicraft,11
comic and graphic books,11
geology,11
romans pour la jeunesse,11
money-making projects for children,11
americans,11
christianity,11
geschichte,11
coloring books,11
weddings,11
kinderbuch,11
clergy,11
african american women,11
geographical myths,11
ungeheuer,11
animal rescue,11
araignées,11
human-alien encounters,11
self-esteem and self-reliance,11
circus,11
geese,11
aventures,11
anger,11
frustration,11
ireland,11
for national curriculum key stage 2,11
characters in literature,11
cuentos de terror,11
translations into spanish,11
inheritance and succession,11
trials,11
home economics,11
newbery medal book,11
wildlife conservation,11
self-help techniques,11
escapes,11
unicorns and mythical,11
haunted places,11
femmes,11
hats,11
identification,11
franklin (fictitious character),11
relations enfants-enfants,11
exploration,11
violet baudelaire (fictitious character),11
conducta (ética),11
community life,11
british and irish drama (dramatic works by one author),11
ancient history,11
collectionid:texchallenge2021,11
massachusetts,11
sauvetages,11
mères et filles,11
design and construction,11
klaus baudelaire (fictitious character),11
maturation (psychology),11
clifford (fictitious character : bridwell),11
cancer,11
nyt:middle-grade-paperback-monthly=2019-10-13,11
shipwreck survival,11
mysteries and detective stories,11
vikings,11
lexile_code:ad,11
roman anglais,11
cuentos en rima,11
héros,11
leadership,11
percy jackson,11
mummies,11
high interest-low vocabulary books,11
runaways,11
animals in art,11
hunting,11
tłumaczenia polskie,11
readers for new literates,11
school,11
facsimiles,11
novela estadounidense,11
nyt:series_books=2008-06-22,11
force and energy,11
grade:max:3,11
lexile:740,11
tigers,11
eskimos,11
mermaids,11
văn học mĩ,10
murry family (fictitious characters),10
friendship in adolesce,10
murry family (fictitious character),10
viaje en el tiempo,10
poopnce,10
morality,10
student activities,10
form,10
problems,10
women authors,10
tiểu thuyết,10
suo xie ben,10
lego toys,10
etc.),10
sherlock (fictitious character),10
winnie-the-pooh (fictitious character),10
slaves,10
kids,10
waisenkind,10
mississippi,10
movies,10
irish,10
nyt:series_books=2006-09-16,10
graphic novel,10
metamorphosis,10
gerald (fictitious character : willems),10
greek,10
collectionid:ac,10
pakistan,10
cooperation,10
size,10
alex cross (fictitious character),10
juvenile drama,10
christian life,10
skönlitteratur,10
chats,10
narwhal,10
ballet,10
forest animals,10
textbooks,10
new jersey,10
australia,10
martial arts,10
cross,10
korean,10
crime and mystery,10
indigenous peoples,10
aeronautics,10
english adventure stories,10
agriculture,10
campaigns,10
generosity,10
japanese,10
obedience,10
personal,10
recits humoristiques anglais,10
child abuse,10
conejos,10
school life,10
children - harry potter,10
école de sorcellerie (organisation imaginaire),10
lehrling,10
modern history to 20th century: c 1700 to c 1900,10
whaling,10
lions,10
occultism,10
han yu,10
dui zhao du wu,10
flight,10
age:max:11,10
self-realization,10
titanic (navire à vapeur),10
science projects,10
family relationships,10
english (ie as school subject),10
literatura juvenil estadounidense,10
places and cultures,10
widowers,10
ghost,10
custody of children,10
hechicería,10
novelas juveniles inglesas,10
ingleterra,10
literary theory,10
earth sciences,10
thieves,10
juvenile films,10
video games,10
congresses,10
lexile:810,10
cooperativeness,10
poudlard,10
translating into welsh,10
novelas fantásticas,10
cleverness,10
stein der weisen,10
wizard,10
challenges and overcoming obstacles,10
magic and supernatural,10
cows,10
goblins,10
birthday parties,10
basketball players,10
underground railroad,10
loyalty,10
lexile_range:401-500,10
libros de juguete y movibles,10
italian language materials,10
muestras,10
contes de fées,10
buses,10
familia,10
stuart little (fictitious character),10
vida agrícola,10
award winning books,10
exercises,10
forests and forestry,10
age:max:14,10
performing arts,10
pet shops,10
accidents,10
poésie enfantine canadienne-anglaise,10
first loves,10
nyt:advice-how-to-and-miscellaneous=2013-10-20,10
a wrinkle in time,10
spanish: young adult (gr. 10-12),10
ability,9
residential schools,9
age:max:10,9
relations humaines chez lenfant,9
fées,9
secuestro,9
mères et fils,9
architecture,9
animal babies,9
jeugdboeken ; verhalen,9
hadas,9
ants,9
human geography,9
revolutionaries,9
18.06 anglo-american literature,9
elefantes,9
legal,9
autumn,9
age:max:5,9
health,9
français (langue),9
fear of the dark,9
singing,9
farces et attrapes,9
biographical,9
yo-yos,9
yoyos,9
determination (trait de personnalite),9
jigsaw (fictitious character),9
sick children,9
satire,9
political corruption,9
gatos,9
politique et gouvernement,9
titans (mythology),9
quests,9
englisch,9
astronautics,9
films,9
baking,9
mood (psychology),9
traducciones al español,9
native americans,9
chemistry,9
motion picture music,9
children and death,9
death and dying,9
livres illustrés pour enfants,9
libros de caricaturas,9
mate selection,9
parques zoológicos,9
animales zoológicos,9
spanish language books,9
industries,9
words,9
rhyming,9
rock music,9
triangles (interpersonal relations),9
railroad trains,9
morale pratique,9
arañas,9
spanish stories,9
imagination and play,9
evolution,9
american farm life,9
exploitations agricoles,9
kirsty tate (fictitious character),9
massachusetts childrens book award winner,9
industrie,9
etiquette,9
trumpeter swan,9
crianã§a,9
fantastique,9
creative ability,9
social history,9
rodents,9
alcoholism,9
crocodiles,9
harry (personnage fictif),9
bedrooms,9
lesbians,9
nuit,9
electricity,9
islam,9
n.y.),9
aids (disease),9
livres et lecture,9
borrowers (fictitious characters),9
magiciens,9
detectives,9
nancy (fictitious character),9
spring,9
environment,9
pokemon (game),9
widows,9
drew,9
novelists,9
nyt:series_books=2011-11-12,9
country life,9
characters and characteristics in literature,9
big books,9
collectionid:conroechallenge,9
heart attack,9
ivy (fictitious character : barrows),9
bean (fictitious character : barrows),9
noirs,9
motion,9
animal sounds,9
canadian poetry,9
southern states,9
cosmetics,9
muchachos,9
english short stories,9
literary criticism,9
underground areas,9
newspapers,9
islas,9
legal stories,9
language arts (elementary),9
skateboarding,9
foster homes,9
tyrannosaurus rex,9
motion picture plays,9
american humorous stories,9
domestic,9
survival after airplane accidents,9
roman policier,9
tricksters,9
musées,9
dink duncan (fictitious character),9
freres et soeurs,9
muslims,9
grammar,9
orderliness,9
fishing,9
prisons,9
kindness,9
comic strips and cartoons,9
bounty hunters,8
attaques,8
rivage,8
shark attacks,8
animal attacks,8
requins,8
piggie (fictitious character : willems),8
imaginary companions,8
london,8
star wars films,8
new york (state),8
collectionid:boxcar2,8
tin woodman (fictitious character),8
fantasy literature,8
oz (imaginary place),8
wizard of oz (fictitious character),8
er tong du wu,8
oz (lieu imaginaire),8
l. frank),8
contes américains,8
toto (fictitious character),8
pop-up books,8
age:max:9,8
écoles secondaires,8
native american,8
physicians,8
composition and exercises,8
action and adventure - general,8
civil rights,8
north america,8
joueurs de hockey,8
westerns,8
science and technology,8
insect societies,8
songs and music,8
social behavior,8
cartooning,8
rain and rainfall,8
directeurs décole,8
cameras,8
adolescent,8
sorties scolaires,8
collection and preservation,8
comic,8
african american police,8
easter,8
maps,8
life cycles,8
effect of human beings on,8
bees,8
hora de acostarse,8
corps humain,8
metabolism,8
aids and devices,8
roman américain,8
rachel walker (fictitious character),8
metamorfosis (biología),8
police psychologists,8
amnesiacs,8
sciences naturelles,8
guidebooks,8
oncles,8
vocabulaire,8
habitations,8
camouflage (biology),8
daughters,8
welsh language,8
collections and anthologies,8
explorers,8
ohio,8
prehistoric animals,8
chauves-souris,8
novela infantil,8
non-classifiable,8
histoires pour enfants,8
pre-school,8
social science,8
androids,8
lexile_range:901-1000,8
astronomy,8
larten crepsley (fictitious character),8
life sciences,8
multiculturalism,8
polar bear,8
mythes géographiques,8
social change,8
social evolution,8
fugitive slaves,8
exercise,8
indians of mexico,8
bus drivers,8
merveilleux,8
age:max:6,8
assertiveness (psychology),8
afro-americans,8
erotica,8
reading list,8
donation of organs,8
tissues,8
illustrators,8
recording and reproducing,8
6.1.,8
magic school bus,8
cuerpo humano,8
abandoned children,8
archaeology,8
travail dequipe,8
basket-ball,8
child,8
bildungsromans,8
mr. gum (fictitious character),8
escuelas secundarias,8
childrens questions and answers,8
san francisco (calif.),8
adult,8
parents et enfants,8
electric power,8
pacientes,8
growth,8
african american girls,8
lost children,8
sound effects books,8
stories without words,8
religious,8
histoires de fantômes,8
strikes and lockouts,8
brujas,8
narnia (imaginary place),8
cuentos de hadas,8
pests,8
worms,8
paint,8
beginner books,8
volcanoes,8
mechanics,8
executions and executioners,8
communities,8
attics,8
bathrooms,8
swindlers and swindling,8
thunderstorms,8
comportement daide,8
histoires rimées,8
rain forests,8
nature and the natural world,8
writers block,8
abuelos,8
tricks,8
coal mines and mining,8
intergenerational relations,8
old age,8
artificial intelligence,8
baby sitters,8
hydrologic cycle,8
study and teaching (primary),8
dorothy gale (fictitious character),8
gale,8
han yu pin yin,8
cowardly lion (fictitious character),8
beaches,8
actors and actresses,8
survie après accidents davion,8
cartoonists,8
social sciences,8
juvenile humor,8
scarecrow (fictitious character : baum),8
wizard of oz (baum,8
contes americains,8
rick deckard (fictitious character),7
juvenile riddles,7
mark b. (donor) (adams collection copy),7
movie-tv tie-in,7
stan kalifornia),7
pro adams,7
chr 1982,7
control systems,7
san francisco (stany zjednoczone),7
novelization,7
reference,7
forest ecology,7
indiens damérique,7
african american families,7
leucemia,7
translations into german,7
employees,7
racing,7
novela histórica,7
life,7
exploitation,7
stage history,7
star wars,7
padre e hijo,7
leprechauns,7
mother-son relationship,7
hibernation,7
outdoor recreation,7
miscellanées,7
donneurs dorganes,7
bedbugs,7
history of cotton,7
victorian fashion,7
wenham lake ice company,7
plum rooms,7
history of coffee,7
home and garden,7
drawing rooms,7
mundanity,7
victorian england,7
hemp,7
history of tea,7
nurseries,7
blackouts,7
english medieval clothing,7
mousetraps,7
spice trade,7
socialization,7
giraffes,7
villages,7
communauté,7
black pepper,7
wool,7
autores,7
hugo award winner,7
division,7
grands-mères,7
nova scotia,7
stairs,7
linen,7
food preservation,7
cement,7
luke skywalker (fictitious character),7
skywalker,7
lightning,7
therapeutic use,7
cookies,7
narnia (lugar imaginario),7
pokémon (game),7
luke (fictitious character),7
danish,7
environmentalism,7
great britain. mi6,7
prevention,7
wallpaper,7
psychological aspects of dwellings,7
wounds and injuries,7
south africa,7
museos,7
safety measures,7
thanksgiving day,7
silk,7
mrs beetons book of household management,7
crop rotation,7
food adulteration,7
grubenhaus architecture,7
table manners,7
disease vectors,7
studies,7
history / reference,7
ashtabula river railroad disaster,7
blood,7
persistence,7
new england,7
geography,7
sons,7
ravens,7
history and surveys,7
water-supply,7
ethics (philosophy),7
good and evil.,7
good and evil,7
stonewall book awards,7
morale,7
german philosophy,7
asceticism,7
wigs,7
volkerwanderung,7
locusts,7
beriberi,7
motorcycles,7
abuelas,7
physicists,7
poaching,7
environmental aspects of rooms,7
sculleries,7
great halls,7
mason jars,7
kerosene,7
social science / popular culture,7
dining rooms,7
electric lighting,7
environmental aspects of dwellings,7
gas lighting,7
autobiography,7
,7
amusement parks,7
vietnamese language materials,7
african american,7
organized crime,7
tea,7
vegetables,7
wars,7
minerals,7
bicycles,7
training,7
explorateurs,7
kenya,7
parent-child relationship,7
extinction (biology),7
russian language materials,7
leukemia,7
protection,7
problem children,7
interplanetary voyages,7
alltag,7
arts and entertainment,7
sumptuary laws,7
roman mythology,7
gaia (greek deity),7
american manuscripts,7
abenteuer,7
dressing rooms,7
psychological aspects of rooms,7
tallow,7
spinning jenny,7
rooms,7
house and home / reference,7
conspiracies,7
scurvy,7
tay bridge disaster,7
beeswax,7
domestic workers,7
películas cinematográficas juveniles,7
earth (planet),7
south carolina,7
william),7
talent shows,7
stuffed animals,7
deer,7
avarice,7
presidents,7
racially mixed people,7
los angeles (calif.),7
lgbtq,7
in art,7
tesoros ocultos,7
sea monsters,7
ethnic relations,7
animales fabulosos,7
law and legislation,7
immortality,7
littérature anglaise,7
homelessness,7
rick (fictitious character),7
istoty pozaziemskie,7
amelia-bedelia (fictitious character),7
michigan,7
spiritual life,7
shan,7
comics,7
buddhism,7
tooth fairy,7
organ donors,7
zhong pian xiao shuo,7
weibliche jugend,7
locks and keys,7
stilton,7
hunting stories,7
orphelines,7
drug abuse,7
magi,7
hechiceros,7
lift-the-flap books,7
picture book,7
lgbt,7
harry (personaje literario),7
households,7
crimes against,7
sagas,7
catholic church,7
psychic ability,7
remarriage,7
enseignants,7
corsets,7
introspection,7
history of salt,7
totalitarianism,7
bible,7
parks,7
vie des pionniers,7
space warfare,7
domestic life,7
larders,7
industrial revolution,7
medieval civilization,7
mensonge,7
immigrant families,7
infancia,7
roman fantastique,7
telepathy,7
novela inglesa,7
genetic,7
mountains,7
san francisco (stany zjednoczone,7
hanukkah,7
communication,7
single mothers,7
severe storms,7
robotic pets,7
androidy,7
artificial life,7
statistics,7
prehistoric peoples,7
i can read it all by myself,7
stella (fictitious character : gay),7
elementary schools,7
nazis,7
giraffe,7
german language,7
historia antiga,7
athletes,7
morals,7
human physiology,7
household employees,7
franklin (personaje literario : bourgeois),7
frankenstein (fictitious character),7
reading comprehension,7
neighborhoods,7
sounds,7
east india company,7
maturation (psychologie),7
racisme,7
intelligence officers,7
girls clubs,7
deckard,7
ontario,7
universities and colleges,7
arithmetic,7
seeds,7
tormadoes,6
ramona quimby (fictitious character),6
percy jackson (fictitious character),6
5.5.,6
the egypt game,6
romanies,6
friendship in youth,6
translations into indonesian,6
labyrinths,6
